-- 宝物类型：helmet:1\armour:2\accessory:3\weapon:4\shield:5\elixir:6
-- treasures
INSERT INTO 
treasures(name, MainType, speedvalue, intelligencevalue, attackvalue, defensevalue)
VALUES('Amulet_1', 5, 1, 1, 1, 6);

INSERT INTO 
treasures(name, MainType, speedvalue, intelligencevalue, attackvalue, defensevalue)
VALUES('Amulet_2', 5, 1, 2, 1, 7);

INSERT INTO 
treasures(name, MainType, speedvalue, intelligencevalue, attackvalue, defensevalue)
VALUES('Armor_1', 2, 1, 2, 3, 10);

INSERT INTO 
treasures(name, MainType, speedvalue, intelligencevalue, attackvalue, defensevalue)
VALUES('Armor_2', 2, 1, 3, 1, 11);

INSERT INTO 
treasures(name, MainType, speedvalue, intelligencevalue, attackvalue, defensevalue)
VALUES('Armor_3', 2, 3, 2, 1, 9);

INSERT INTO 
treasures(name, MainType, speedvalue, intelligencevalue, attackvalue, defensevalue)
VALUES('Ax_1', 4, 1, 2, 8, 5);

INSERT INTO 
treasures(name, MainType, speedvalue, intelligencevalue, attackvalue, defensevalue)
VALUES('Ax_2', 4, 3, 2, 7, 7);

INSERT INTO 
treasures(name, MainType, speedvalue, intelligencevalue, attackvalue, defensevalue)
VALUES('Ax_3', 4, 1, 1, 9, 7);

INSERT INTO 
treasures(name, MainType, speedvalue, intelligencevalue, attackvalue, defensevalue)
VALUES('Bow', 4, 3, 3, 10, 2);

INSERT INTO 
treasures(name, MainType, speedvalue, intelligencevalue, attackvalue, defensevalue)
VALUES('Elixir_1', 6, 8, 6, 1, 3);

INSERT INTO 
treasures(name, MainType, speedvalue, intelligencevalue, attackvalue, defensevalue)
VALUES('Elixir_2', 6, 10, 5, 2, 1);

INSERT INTO 
treasures(name, MainType, speedvalue, intelligencevalue, attackvalue, defensevalue)
VALUES('Elixir_3', 6, 7, 7, 3, 3);

INSERT INTO 
treasures(name, MainType, speedvalue, intelligencevalue, attackvalue, defensevalue)
VALUES('Elixir_4', 6, 6, 9, 3, 1);

INSERT INTO 
treasures(name, MainType, speedvalue, intelligencevalue, attackvalue, defensevalue)
VALUES('Elixir_5', 6, 4, 5, 4, 5);

INSERT INTO 
treasures(name, MainType, speedvalue, intelligencevalue, attackvalue, defensevalue)
VALUES('Elixir_6', 6, 6, 5, 3, 6);

INSERT INTO 
treasures(name, MainType, speedvalue, intelligencevalue, attackvalue, defensevalue)
VALUES('Flail', 4, 3, 2, 12, 3);

INSERT INTO 
treasures(name, MainType, speedvalue, intelligencevalue, attackvalue, defensevalue)
VALUES('Helmet_1', 1, 2, 6, 1, 6);

INSERT INTO 
treasures(name, MainType, speedvalue, intelligencevalue, attackvalue, defensevalue)
VALUES('Helmet_2', 1, 3, 5, 1, 7);

INSERT INTO 
treasures(name, MainType, speedvalue, intelligencevalue, attackvalue, defensevalue)
VALUES('Helmet_3', 1, 1, 1, 1, 10);

INSERT INTO 
treasures(name, MainType, speedvalue, intelligencevalue, attackvalue, defensevalue)
VALUES('Helmet_4', 1, 2, 2, 2, 8);

INSERT INTO 
treasures(name, MainType, speedvalue, intelligencevalue, attackvalue, defensevalue)
VALUES('Ring_1', 3, 5, 5, 3, 3);

INSERT INTO 
treasures(name, MainType, speedvalue, intelligencevalue, attackvalue, defensevalue)
VALUES('Ring_2', 3, 1, 8, 5, 4);

INSERT INTO 
treasures(name, MainType, speedvalue, intelligencevalue, attackvalue, defensevalue)
VALUES('Shield', 5, 1, 2, 2, 7);

INSERT INTO 
treasures(name, MainType, speedvalue, intelligencevalue, attackvalue, defensevalue)
VALUES('Shurikens', 4, 10, 2, 6, 1);

INSERT INTO 
treasures(name, MainType, speedvalue, intelligencevalue, attackvalue, defensevalue)
VALUES('Stone_1', 3, 6, 2, 3, 6);

INSERT INTO 
treasures(name, MainType, speedvalue, intelligencevalue, attackvalue, defensevalue)
VALUES('Stone_2', 3, 7, 3, 2, 5);

INSERT INTO 
treasures(name, MainType, speedvalue, intelligencevalue, attackvalue, defensevalue)
VALUES('Sword_1', 4, 1, 2, 7, 6);

INSERT INTO 
treasures(name, MainType, speedvalue, intelligencevalue, attackvalue, defensevalue)
VALUES('Sword_2', 4, 2, 2, 6, 7);



-- Mall
INSERT INTO 
mall(treasureid, name, price)
VALUES(1, 'Amulet_1', 9);

INSERT INTO 
mall(treasureid, name, price)
VALUES(2, 'Amulet_2', 10);

INSERT INTO 
mall(treasureid, name, price)
VALUES(7, 'Ax_2', 33);

INSERT INTO 
mall(treasureid, name, price)
VALUES(10, 'Elixir_1', 18);

INSERT INTO 
mall(treasureid, name, price)
VALUES(11, 'Elixir_2', 26);

INSERT INTO 
mall(treasureid, name, price)
VALUES(12, 'Elixir_3', 20);

INSERT INTO 
mall(treasureid, name, price)
VALUES(13, 'Elixir_4', 16);

INSERT INTO 
mall(treasureid, name, price)
VALUES(14, 'Elixir_5', 22);

INSERT INTO 
mall(treasureid, name, price)
VALUES(15, 'Elixir_6', 17);

INSERT INTO 
mall(treasureid, name, price)
VALUES(16, 'Flail', 17);

INSERT INTO 
mall(treasureid, name, price)
VALUES(17, 'Helmet_1', 17);

INSERT INTO 
mall(treasureid, name, price)
VALUES(18, 'Helmet_2', 17);

INSERT INTO 
mall(treasureid, name, price)
VALUES(19, 'Helmet_3', 17);

INSERT INTO 
mall(treasureid, name, price)
VALUES(20, 'Helmet_4', 17);

INSERT INTO 
mall(treasureid, name, price)
VALUES(21, 'Ring_1', 17);

INSERT INTO 
mall(treasureid, name, price)
VALUES(22, 'Ring_2', 17);

INSERT INTO 
mall(treasureid, name, price)
VALUES(23, 'Shield', 17);

INSERT INTO 
mall(treasureid, name, price)
VALUES(24, 'Shurikens', 17);

INSERT INTO 
mall(treasureid, name, price)
VALUES(25, 'Stone_1', 17);

INSERT INTO 
mall(treasureid, name, price)
VALUES(26, 'Stone_2', 17);

INSERT INTO 
mall(treasureid, name, price)
VALUES(27, 'Sword_1', 17);

INSERT INTO 
mall(treasureid, name, price)
VALUES(28, 'Sword_2', 17);


-- treasurecollection
INSERT INTO 
treasurecollection(playerid, treasureid, name, wear, ownnum, sell, sellnum)
VALUES(1, 3, 'Armor_1', false, 1, 30, 1);

INSERT INTO 
treasurecollection(playerid, treasureid, name, wear, ownnum, sell, sellnum)
VALUES(1, 4, 'Armor_2', false, 1, 35, 1);

INSERT INTO 
treasurecollection(playerid, treasureid, name, wear, ownnum, sell, sellnum)
VALUES(3, 5, 'Armor_3', false, 1, 27, 1);

INSERT INTO 
treasurecollection(playerid, treasureid, name, wear, ownnum, sell, sellnum)
VALUES(1, 6, 'Ax_1', false, 1, 0, 0);

INSERT INTO 
treasurecollection(playerid, treasureid, name, wear, ownnum, sell, sellnum)
VALUES(3, 8, 'Ax_3', false, 1, 0, 0);

INSERT INTO 
treasurecollection(playerid, treasureid, name, wear, ownnum, sell, sellnum)
VALUES(3, 9, 'Bow', false, 1, 0, 0);

